"","director_name","movies","imdb","imdb_avg","budget","gross","profit","rank"
"1","Steven Spielberg",20,155.9,7.795,1,1,1,786
"2","Martin Scorsese",16,125.7,7.85625,0.875,0.9375,0.8125,785
"3","Clint Eastwood",12,92.5,7.70833333333333,1,0.916666666666667,0.916666666666667,784
"4","Woody Allen",11,82.1,7.46363636363636,1,0.818181818181818,0.818181818181818,783
"5","Christopher Nolan",8,67.4,8.425,1,1,1,782
"6","Quentin Tarantino",8,65.6,8.2,1,1,1,781
"7","David Fincher",8,64.3,8.0375,1,1,1,779.5
"8","Peter Jackson",8,64.3,8.0375,1,1,1,779.5
"9","Francis Ford Coppola",8,64,8,1,0.875,0.875,778
"10","Ridley Scott",8,63.1,7.8875,1,1,1,777
"11","Robert Zemeckis",8,62.3,7.7875,1,1,1,776
"12","Richard Linklater",8,61,7.625,1,1,1,775
"13","Oliver Stone",8,59.8,7.475,1,0.875,0.875,774
"14","James Cameron",7,55.4,7.91428571428571,1,1,1,773
"15","Wes Anderson",7,53.4,7.62857142857143,1,1,1,772
"16","Stephen Frears",7,51.8,7.4,1,0.857142857142857,0.857142857142857,771
"17","Stanley Kubrick",6,48.3,8.05,1,0.333333333333333,0.333333333333333,770
"18","Alejandro G. Iñárritu",6,46.7,7.78333333333333,0.833333333333333,1,0.833333333333333,769
"19","Rob Reiner",6,46.5,7.75,1,1,1,768
"20","Tim Burton",6,46.3,7.71666666666667,1,1,1,767
"21","Guy Ritchie",6,46.2,7.7,1,1,1,765.5
"22","Paul Greengrass",6,46.2,7.7,1,1,1,765.5
"23","Bryan Singer",6,45.9,7.65,1,1,1,763.5
"24","Danny Boyle",6,45.9,7.65,1,1,1,763.5
"25","Sam Mendes",6,45.4,7.56666666666667,1,1,1,762
"26","Sam Raimi",6,45.1,7.51666666666667,1,0.833333333333333,0.833333333333333,761
"27","Steven Soderbergh",6,44.1,7.35,1,1,1,760
"28","Frank Capra",5,40.3,8.06,1,0,0,759
"29","Ron Howard",5,39.6,7.92,1,1,1,758
"30","Darren Aronofsky",5,39.1,7.82,1,1,1,757
"31","Alfred Hitchcock",5,39,7.8,1,0.2,0.2,756
"32","Ang Lee",5,38.8,7.76,1,1,1,754.5
"33","Fred Zinnemann",5,38.8,7.76,1,0,0,754.5
"34","Michael Moore",5,38.4,7.68,0.8,1,0.8,752.5
"35","Paul Thomas Anderson",5,38.4,7.68,1,1,1,752.5
"36","John Carpenter",5,37.9,7.58,1,1,1,751
"37","Brian De Palma",5,37.8,7.56,1,0.8,0.8,750
"38","Alexander Payne",5,37.1,7.42,1,1,1,748
"39","Barry Levinson",5,37.1,7.42,1,1,1,748
"40","Kevin Smith",5,37.1,7.42,1,1,1,748
"41","Sergio Leone",4,33.9,8.475,1,0.75,0.75,746
"42","Hayao Miyazaki",4,32.9,8.225,0.75,1,0.75,745
"43","David Lean",4,32,8,1,1,1,744
"44","Billy Wilder",4,31.9,7.975,1,0.25,0.25,743
"45","Sidney Lumet",4,31.9,7.975,1,0.5,0.5,742
"46","David Lynch",4,31.6,7.9,1,0.5,0.5,740.5
"47","Terry Gilliam",4,31.6,7.9,1,1,1,740.5
"48","Brad Bird",4,31.4,7.85,1,1,1,739
"49","Alfonso Cuarón",4,31.2,7.8,1,1,1,737
"50","John McTiernan",4,31.2,7.8,1,1,1,737
"51","Richard Brooks",4,31.2,7.8,0.75,0,0,737
"52","Edward Zwick",4,31.1,7.775,1,1,1,735
"53","Peter Weir",4,30.9,7.725,1,1,1,733
"54","Roman Polanski",4,30.9,7.725,1,0.5,0.5,733
"55","Spike Lee",4,30.9,7.725,1,1,1,733
"56","James Ivory",4,30.6,7.65,0.75,1,0.75,730
"57","John Lasseter",4,30.6,7.65,1,1,1,730
"58","Matthew Vaughn",4,30.6,7.65,1,1,1,730
"59","Doug Liman",4,30.5,7.625,1,1,1,727.5
"60","Lasse Hallström",4,30.5,7.625,1,0.75,0.75,727.5
"61","Jean-Pierre Jeunet",4,30.4,7.6,1,1,1,725
"62","Richard Attenborough",4,30.4,7.6,1,0.75,0.75,725
"63","Yimou Zhang",4,30.4,7.6,0.75,1,0.75,725
"64","Gus Van Sant",4,30.3,7.575,1,1,1,722
"65","James Mangold",4,30.3,7.575,1,1,1,722
"66","Tony Scott",4,30.3,7.575,1,1,1,722
"67","James Wan",4,30.2,7.55,1,1,1,719.5
"68","Shane Meadows",4,30.2,7.55,0.5,0.75,0.5,719.5
"69","David O. Russell",4,30.1,7.525,1,1,1,717.5
"70","Stephen Daldry",4,30.1,7.525,0.75,1,0.75,717.5
"71","Marc Forster",4,30.1,7.525,1,1,1,716
"72","Mike Leigh",4,30,7.5,1,1,1,714.5
"73","Zack Snyder",4,30,7.5,1,1,1,714.5
"74","F. Gary Gray",4,29.9,7.475,1,1,1,713
"75","Gore Verbinski",4,29.7,7.425,1,1,1,712
"76","Antoine Fuqua",4,29.6,7.4,1,1,1,711
"77","Neil Jordan",4,29.2,7.3,1,1,1,710
"78","Joel Schumacher",4,29.1,7.275,0.75,1,0.75,709
"79","Frank Darabont",3,25,8.33333333333333,1,1,1,708
"80","Pete Docter",3,24.7,8.23333333333333,1,1,1,707
"81","Milos Forman",3,24.4,8.13333333333333,1,1,1,706
"82","Denis Villeneuve",3,23.9,7.96666666666667,1,1,1,705
"83","George Lucas",3,23.8,7.93333333333333,1,1,1,704
"84","Elia Kazan",3,23.6,7.86666666666667,1,0.333333333333333,0.333333333333333,702.5
"85","Joss Whedon",3,23.6,7.86666666666667,1,1,1,702.5
"86","Spike Jonze",3,23.5,7.83333333333333,1,1,1,700.5
"87","William Friedkin",3,23.5,7.83333333333333,1,0.333333333333333,0.333333333333333,700.5
"88","Edgar Wright",3,23.4,7.8,1,1,1,699
"89","Dean DeBlois",3,23.3,7.76666666666667,1,1,1,696
"90","John Ford",3,23.3,7.76666666666667,1,0,0,696
"91","Lana Wachowski",3,23.3,7.76666666666667,1,1,1,696
"92","Mel Gibson",3,23.3,7.76666666666667,1,1,1,696
"93","Michael Mann",3,23.3,7.76666666666667,1,1,1,696
"94","Joel Coen",3,23.3,7.76666666666667,1,1,1,693
"95","Ethan Coen",3,23.2,7.73333333333333,1,1,1,691
"96","Taylor Hackford",3,23.2,7.73333333333333,1,1,1,691
"97","Tom Hooper",3,23.2,7.73333333333333,1,1,1,691
"98","George Miller",3,23,7.66666666666667,1,0.666666666666667,0.666666666666667,688
"99","John Landis",3,23,7.66666666666667,0.666666666666667,1,0.666666666666667,688
"100","Wolfgang Petersen",3,23,7.66666666666667,1,0.666666666666667,0.666666666666667,688
"101","Alejandro Amenábar",3,22.9,7.63333333333333,1,1,1,683
"102","Harold Ramis",3,22.9,7.63333333333333,1,1,1,683
"103","J.J. Abrams",3,22.9,7.63333333333333,1,1,1,683
"104","Kenneth Branagh",3,22.9,7.63333333333333,1,1,1,683
"105","Kevin Macdonald",3,22.9,7.63333333333333,0.333333333333333,1,0.333333333333333,683
"106","Mel Brooks",3,22.9,7.63333333333333,1,1,1,683
"107","Richard Curtis",3,22.9,7.63333333333333,0.666666666666667,1,0.666666666666667,683
"108","Tom Tykwer",3,22.8,7.6,1,1,1,679
"109","Duncan Jones",3,22.7,7.56666666666667,1,1,1,677.5
"110","Sam Peckinpah",3,22.7,7.56666666666667,1,0,0,677.5
"111","David Cronenberg",3,22.5,7.5,1,0.666666666666667,0.666666666666667,672.5
"112","James Algar",3,22.5,7.5,0.666666666666667,1,0.666666666666667,672.5
"113","Jason Reitman",3,22.5,7.5,1,1,1,672.5
"114","Lars von Trier",3,22.5,7.5,1,1,1,672.5
"115","Mike Newell",3,22.5,7.5,1,1,1,672.5
"116","Paul Haggis",3,22.5,7.5,0.666666666666667,1,0.666666666666667,672.5
"117","Paul Verhoeven",3,22.5,7.5,1,1,1,672.5
"118","Roger Donaldson",3,22.5,7.5,1,1,1,672.5
"119","Alex Proyas",3,22.4,7.46666666666667,1,1,1,666.5
"120","Chris Columbus",3,22.4,7.46666666666667,1,1,1,666.5
"121","Christopher Guest",3,22.4,7.46666666666667,0.666666666666667,1,0.666666666666667,666.5
"122","Jean-Marc Vallée",3,22.4,7.46666666666667,1,1,1,666.5
"123","Cameron Crowe",3,22.3,7.43333333333333,0.666666666666667,1,0.666666666666667,663.5
"124","Niki Caro",3,22.3,7.43333333333333,1,1,1,663.5
"125","Ron Clements",3,22.2,7.4,1,1,1,662
"126","Jean-Jacques Annaud",3,22.1,7.36666666666667,1,0.666666666666667,0.666666666666667,659.5
"127","Jeff Nichols",3,22.1,7.36666666666667,0.666666666666667,1,0.666666666666667,659.5
"128","Phil Lord",3,22.1,7.36666666666667,1,1,1,659.5
"129","Robert Rodriguez",3,22.1,7.36666666666667,1,1,1,659.5
"130","Justin Lin",3,22,7.33333333333333,1,1,1,656.5
"131","Martin Brest",3,22,7.33333333333333,1,1,1,656.5
"132","Anthony Minghella",3,21.9,7.3,1,1,1,654.5
"133","Michael Bay",3,21.9,7.3,1,1,1,654.5
"134","George Clooney",3,21.7,7.23333333333333,1,0.666666666666667,0.666666666666667,653
"135","Mike Nichols",3,21.6,7.2,1,0.666666666666667,0.666666666666667,652
"136","Tony Kaye",2,16.9,8.45,0.5,1,0.5,651
"137","Andrew Stanton",2,16.6,8.3,1,1,1,649.5
"138","Charles Ferguson",2,16.6,8.3,0.5,1,0.5,649.5
"139","George Roy Hill",2,16.4,8.2,1,1,1,647.5
"140","Thomas Vinterberg",2,16.4,8.2,1,1,1,647.5
"141","Jonathan Demme",2,16.3,8.15,1,1,1,646
"142","Victor Fleming",2,16.3,8.15,1,1,1,645
"143","Akira Kurosawa",2,16.2,8.1,1,1,1,643.5
"144","Fernando Meirelles",2,16.2,8.1,1,1,1,643.5
"145","Chan-wook Park",2,16.1,8.05,0.5,1,0.5,642
"146","Anthony Russo",2,16,8,1,1,1,641
"147","Stanley Kramer",2,15.9,7.95,1,0.5,0.5,640
"148","Bernardo Bertolucci",2,15.9,7.95,1,0.5,0.5,639
"149","Jacques Perrin",2,15.8,7.9,1,1,1,637.5
"150","Tom McCarthy",2,15.8,7.9,1,1,1,637.5
"151","Curtis Hanson",2,15.7,7.85,1,1,1,636
"152","Gabriele Muccino",2,15.7,7.85,1,1,1,632.5
"153","Gavin O'Connor",2,15.7,7.85,1,1,1,632.5
"154","Jon Favreau",2,15.7,7.85,1,1,1,632.5
"155","Michael Curtiz",2,15.7,7.85,1,0,0,632.5
"156","Michael Haneke",2,15.7,7.85,1,1,1,632.5
"157","Morten Tyldum",2,15.7,7.85,1,1,1,632.5
"158","Stacy Peralta",2,15.6,7.8,0,1,0,629
"159","Deepa Mehta",2,15.6,7.8,0,1,0,626.5
"160","Joe Wright",2,15.6,7.8,1,1,1,626.5
"161","Norman Jewison",2,15.6,7.8,1,1,1,626.5
"162","Terrence Malick",2,15.6,7.8,1,0.5,0.5,626.5
"163","James Marsh",2,15.5,7.75,1,1,1,623
"164","Kevin Costner",2,15.5,7.75,1,1,1,623
"165","Michel Gondry",2,15.5,7.75,1,1,1,623
"166","Andrew Niccol",2,15.4,7.7,1,1,1,620
"167","Mark Osborne",2,15.4,7.7,1,1,1,620
"168","Steve McQueen",2,15.4,7.7,1,1,1,620
"169","Ben Affleck",2,15.3,7.65,1,1,1,614.5
"170","David Ayer",2,15.3,7.65,1,1,1,614.5
"171","John Carney",2,15.3,7.65,1,1,1,614.5
"172","John G. Avildsen",2,15.3,7.65,1,1,1,614.5
"173","M. Night Shyamalan",2,15.3,7.65,1,1,1,614.5
"174","Nick Cassavetes",2,15.3,7.65,1,1,1,614.5
"175","Philip Kaufman",2,15.3,7.65,1,1,1,614.5
"176","Todd Solondz",2,15.3,7.65,1,1,1,614.5
"177","George A. Romero",2,15.2,7.6,1,0,0,606.5
"178","John Frankenheimer",2,15.2,7.6,1,0.5,0.5,606.5
"179","John Lee Hancock",2,15.2,7.6,1,1,1,606.5
"180","Martin Campbell",2,15.2,7.6,1,1,1,606.5
"181","Martin McDonagh",2,15.2,7.6,1,1,1,606.5
"182","Pierre Coffin",2,15.2,7.6,1,1,1,606.5
"183","Robert Wise",2,15.2,7.6,1,0.5,0.5,606.5
"184","Ryan Coogler",2,15.2,7.6,1,1,1,606.5
"185","Andrew Adamson",2,15.1,7.55,1,1,1,600.5
"186","Hao Ning",2,15.1,7.55,1,0,0,600.5
"187","Jean-Luc Godard",2,15.1,7.55,1,0,0,600.5
"188","Pierre Morel",2,15.1,7.55,1,1,1,600.5
"189","J.A. Bayona",2,15.1,7.55,1,1,1,597
"190","Stephen Chow",2,15.1,7.55,1,1,1,597
"191","Todd Field",2,15.1,7.55,1,1,1,597
"192","Adam McKay",2,15,7.5,1,1,1,591
"193","Bennett Miller",2,15,7.5,1,1,1,591
"194","David Yates",2,15,7.5,1,1,1,591
"195","Kathryn Bigelow",2,15,7.5,1,1,1,591
"196","Larry Charles",2,15,7.5,1,1,1,591
"197","Mira Nair",2,15,7.5,0.5,1,0.5,591
"198","Sofia Coppola",2,15,7.5,1,1,1,591
"199","Todd Phillips",2,15,7.5,1,1,1,591
"200","Trey Parker",2,15,7.5,1,1,1,591
"201","Atom Egoyan",2,14.9,7.45,1,1,1,584.5
"202","Marco Kreuzpaintner",2,14.9,7.45,1,1,1,584.5
"203","Nicholas Meyer",2,14.9,7.45,1,1,1,584.5
"204","Tobe Hooper",2,14.9,7.45,1,1,1,584.5
"205","Andrew Davis",2,14.9,7.45,1,1,1,580
"206","Baz Luhrmann",2,14.9,7.45,1,1,1,580
"207","Denzel Washington",2,14.9,7.45,1,1,1,580
"208","Nicolas Winding Refn",2,14.9,7.45,0.5,1,0.5,580
"209","Richard Donner",2,14.9,7.45,1,0.5,0.5,580
"210","Alan Parker",2,14.8,7.4,1,1,1,572
"211","Alejandro Monteverde",2,14.8,7.4,1,1,1,572
"212","Bill Paxton",2,14.8,7.4,0.5,1,0.5,572
"213","Bruce Beresford",2,14.8,7.4,0.5,1,0.5,572
"214","Francis Lawrence",2,14.8,7.4,1,1,1,572
"215","John Huston",2,14.8,7.4,1,0,0,572
"216","Julie Taymor",2,14.8,7.4,1,1,1,572
"217","Matt Reeves",2,14.8,7.4,1,1,1,572
"218","Noah Baumbach",2,14.8,7.4,0.5,1,0.5,572
"219","Shane Black",2,14.8,7.4,1,1,1,572
"220","Terence Young",2,14.8,7.4,1,1,1,572
"221","Carroll Ballard",2,14.7,7.35,1,0.5,0.5,561
"222","Derek Cianfrance",2,14.7,7.35,1,1,1,561
"223","Gaspar Noé",2,14.7,7.35,0.5,1,0.5,561
"224","Jaume Balagueró",2,14.7,7.35,1,0,0,561
"225","John Hillcoat",2,14.7,7.35,1,1,1,561
"226","John Sayles",2,14.7,7.35,1,1,1,561
"227","John Woo",2,14.7,7.35,1,1,1,561
"228","Michael Apted",2,14.7,7.35,0.5,1,0.5,561
"229","Peter Berg",2,14.7,7.35,1,1,1,561
"230","Richard Fleischer",2,14.7,7.35,1,0.5,0.5,561
"231","Wes Craven",2,14.7,7.35,1,1,1,561
"232","Kirk Jones",2,14.6,7.3,1,1,1,554.5
"233","Sydney Pollack",2,14.6,7.3,1,1,1,554.5
"234","Bill Condon",2,14.6,7.3,1,1,1,550
"235","Brad Furman",2,14.6,7.3,1,1,1,550
"236","Brian Helgeland",2,14.6,7.3,1,1,1,550
"237","Gary Ross",2,14.6,7.3,1,1,1,550
"238","Phillip Noyce",2,14.6,7.3,1,1,1,550
"239","Richard Glatzer",2,14.6,7.3,1,1,1,550
"240","Richard LaGravenese",2,14.6,7.3,1,1,1,550
"241","Gina Prince-Bythewood",2,14.5,7.25,1,1,1,542.5
"242","John Madden",2,14.5,7.25,1,1,1,542.5
"243","Laurent Tirard",2,14.5,7.25,0.5,0.5,0.5,542.5
"244","Lee Daniels",2,14.5,7.25,1,1,1,542.5
"245","Penny Marshall",2,14.5,7.25,1,1,1,542.5
"246","Richard Eyre",2,14.5,7.25,1,1,1,542.5
"247","Rob Marshall",2,14.5,7.25,1,1,1,542.5
"248","Terry Zwigoff",2,14.5,7.25,1,1,1,542.5
"249","Don Bluth",2,14.4,7.2,1,1,1,537.5
"250","Frank Marshall",2,14.4,7.2,1,1,1,537.5
"251","Chris Weitz",2,14.3,7.15,1,1,1,533.5
"252","Douglas McGrath",2,14.3,7.15,1,1,1,533.5
"253","George Tillman Jr.",2,14.3,7.15,1,1,1,533.5
"254","Randall Wallace",2,14.3,7.15,1,1,1,533.5
"255","Richard Kwietniowski",2,14.3,7.15,0.5,1,0.5,533.5
"256","Victor Nunez",2,14.3,7.15,1,1,1,533.5
"257","Jeff Tremaine",2,14.2,7.1,0.5,1,0.5,528.5
"258","Jeremy Saulnier",2,14.2,7.1,1,1,1,528.5
"259","Julian Jarrold",2,14.2,7.1,0.5,0.5,0.5,528.5
"260","Robert Schwentke",2,14.2,7.1,1,1,1,528.5
"261","Irvin Kershner",1,8.8,8.8,1,1,1,526
"262","Sadyk Sher-Niyaz",1,8.7,8.7,1,0,0,525
"263","Charles Chaplin",1,8.6,8.6,1,1,1,524
"264","Damien Chazelle",1,8.5,8.5,1,1,1,520.5
"265","Florian Henckel von Donnersmarck",1,8.5,8.5,1,1,1,520.5
"266","Majid Majidi",1,8.5,8.5,1,1,1,520.5
"267","Raja Menon",1,8.5,8.5,1,0,0,520.5
"268","Roger Allers",1,8.5,8.5,1,1,1,520.5
"269","Ron Fricke",1,8.5,8.5,1,1,1,520.5
"270","Asghar Farhadi",1,8.4,8.4,1,1,1,512.5
"271","Bill Melendez",1,8.4,8.4,1,0,0,512.5
"272","Catherine Owens",1,8.4,8.4,0,1,0,512.5
"273","Jay Oliva",1,8.4,8.4,1,0,0,512.5
"274","Marius A. Markevicius",1,8.4,8.4,1,1,1,512.5
"275","Moustapha Akkad",1,8.4,8.4,1,0,0,512.5
"276","Rakeysh Omprakash Mehra",1,8.4,8.4,0,1,0,512.5
"277","Richard Marquand",1,8.4,8.4,1,1,1,512.5
"278","Robert Mulligan",1,8.4,8.4,1,0,0,512.5
"279","S.S. Rajamouli",1,8.4,8.4,1,1,1,512.5
"280","Fritz Lang",1,8.3,8.3,1,1,1,503.5
"281","John Sturges",1,8.3,8.3,1,0,0,503.5
"282","King Vidor",1,8.3,8.3,1,0,0,503.5
"283","Lee Unkrich",1,8.3,8.3,1,1,1,503.5
"284","Lenny Abrahamson",1,8.3,8.3,1,1,1,503.5
"285","Oliver Hirschbiegel",1,8.3,8.3,1,1,1,503.5
"286","Stanley Donen",1,8.3,8.3,1,0,0,503.5
"287","Steve James",1,8.3,8.3,1,1,1,503.5
"288","Guillermo del Toro",1,8.2,8.2,1,1,1,495.5
"289","Ingmar Bergman",1,8.2,8.2,1,0,0,495.5
"290","James McTeigue",1,8.2,8.2,1,1,1,495.5
"291","Joshua Oppenheimer",1,8.2,8.2,1,1,1,495.5
"292","Juan José Campanella",1,8.2,8.2,1,1,1,495.5
"293","Michael Cimino",1,8.2,8.2,1,0,0,495.5
"294","Rajkumar Hirani",1,8.2,8.2,1,0,0,495.5
"295","Sean Penn",1,8.2,8.2,1,1,1,495.5
"296","Andrei Tarkovsky",1,8.1,8.1,1,0,0,483
"297","Bob Clark",1,8.1,8.1,1,0,0,483
"298","Carl Theodor Dreyer",1,8.1,8.1,0,0,0,483
"299","David Sington",1,8.1,8.1,1,1,1,483
"300","Frank Miller",1,8.1,8.1,1,1,1,483
"301","James Gunn",1,8.1,8.1,1,1,1,483
"302","Je-kyu Kang",1,8.1,8.1,1,1,1,483
"303","Jehane Noujaim",1,8.1,8.1,1,0,0,483
"304","José Padilha",1,8.1,8.1,1,1,1,483
"305","Joseph Kosinski",1,8.1,8.1,0,0,0,483
"306","Katsuhiro Ôtomo",1,8.1,8.1,1,1,1,483
"307","Michael Wadleigh",1,8.1,8.1,1,1,1,483
"308","Richard Kelly",1,8.1,8.1,1,1,1,483
"309","Tate Taylor",1,8.1,8.1,1,1,1,483
"310","Terry George",1,8.1,8.1,1,1,1,483
"311","Tim Miller",1,8.1,8.1,1,1,1,483
"312","William Wyler",1,8.1,8.1,1,1,1,483
"313","Andrey Zvyagintsev",1,8,8,0,1,0,466.5
"314","Ari Folman",1,8,8,1,1,1,466.5
"315","Billy Bob Thornton",1,8,8,1,1,1,466.5
"316","D.W. Griffith",1,8,8,1,0,0,466.5
"317","Franklin J. Schaffner",1,8,8,1,0,0,466.5
"318","Georg Wilhelm Pabst",1,8,8,0,1,0,466.5
"319","Julian Schnabel",1,8,8,0,1,0,466.5
"320","Karan Johar",1,8,8,1,1,1,466.5
"321","Lauren Lazin",1,8,8,0,1,0,466.5
"322","Michel Hazanavicius",1,8,8,1,1,1,466.5
"323","Neill Blomkamp",1,8,8,1,1,1,466.5
"324","Richard Schenkman",1,8,8,1,0,0,466.5
"325","Robert Rossen",1,8,8,1,0,0,466.5
"326","Stephen Chbosky",1,8,8,1,1,1,466.5
"327","Vincent Paronnaud",1,8,8,1,1,1,466.5
"328","Walter Salles",1,8,8,1,1,1,466.5
"329","Anna Muylaert",1,7.9,7.9,1,1,1,451
"330","Christophe Barratier",1,7.9,7.9,1,1,1,451
"331","Cristian Mungiu",1,7.9,7.9,1,1,1,451
"332","Dan Gilroy",1,7.9,7.9,1,1,1,451
"333","Don Hall",1,7.9,7.9,1,1,1,451
"334","Fabián Bielinsky",1,7.9,7.9,1,1,1,451
"335","George Cukor",1,7.9,7.9,1,1,1,451
"336","John Schlesinger",1,7.9,7.9,1,0,0,451
"337","Jonathan Dayton",1,7.9,7.9,1,1,1,451
"338","Lukas Moodysson",1,7.9,7.9,0,1,0,451
"339","Martin Ritt",1,7.9,7.9,1,0,0,451
"340","Robert Kenner",1,7.9,7.9,0,1,0,451
"341","Stéphane Aubier",1,7.9,7.9,1,1,1,451
"342","Troy Duffy",1,7.9,7.9,1,0,0,451
"343","Yash Chopra",1,7.9,7.9,1,1,1,451
"344","Boaz Yakin",1,7.8,7.8,1,1,1,428.5
"345","Bob Fosse",1,7.8,7.8,0,0,0,428.5
"346","Christian Carion",1,7.8,7.8,1,1,1,428.5
"347","George P. Cosmatos",1,7.8,7.8,1,1,1,428.5
"348","Giuseppe Tornatore",1,7.8,7.8,1,1,1,428.5
"349","Guy Hamilton",1,7.8,7.8,1,1,1,428.5
"350","Henry Alex Rubin",1,7.8,7.8,1,1,1,428.5
"351","Howard Hawks",1,7.8,7.8,1,0,0,428.5
"352","Howard Hughes",1,7.8,7.8,1,0,0,428.5
"353","James Foley",1,7.8,7.8,1,1,1,428.5
"354","Jim Abrahams",1,7.8,7.8,1,1,1,428.5
"355","John Cameron Mitchell",1,7.8,7.8,1,1,1,428.5
"356","John Cromwell",1,7.8,7.8,0,0,0,428.5
"357","John Singleton",1,7.8,7.8,1,1,1,428.5
"358","Josh Boone",1,7.8,7.8,1,1,1,428.5
"359","Ken Annakin",1,7.8,7.8,1,0,0,428.5
"360","Mark Herman",1,7.8,7.8,1,1,1,428.5
"361","Mark Sandrich",1,7.8,7.8,1,1,1,428.5
"362","Mel Stuart",1,7.8,7.8,1,0,0,428.5
"363","Mike Judge",1,7.8,7.8,1,1,1,428.5
"364","Mike van Diem",1,7.8,7.8,1,1,1,428.5
"365","Nathan Greno",1,7.8,7.8,1,1,1,428.5
"366","Paul McGuigan",1,7.8,7.8,1,1,1,428.5
"367","Ralph Ziman",1,7.8,7.8,1,1,1,428.5
"368","Rich Moore",1,7.8,7.8,1,1,1,428.5
"369","Ritesh Batra",1,7.8,7.8,1,1,1,428.5
"370","Robert Redford",1,7.8,7.8,1,1,1,428.5
"371","Robert Stevenson",1,7.8,7.8,1,1,1,428.5
"372","Shona Auerbach",1,7.8,7.8,0,1,0,428.5
"373","Sylvain Chomet",1,7.8,7.8,1,1,1,428.5
"374","Alex Garland",1,7.7,7.7,1,1,1,394.5
"375","Alex Gibney",1,7.7,7.7,1,1,1,394.5
"376","Andrew Haigh",1,7.7,7.7,1,1,1,394.5
"377","Anton Corbijn",1,7.7,7.7,1,1,1,394.5
"378","Brad Anderson",1,7.7,7.7,1,1,1,394.5
"379","Brian Henson",1,7.7,7.7,1,1,1,394.5
"380","Caroline Link",1,7.7,7.7,1,1,1,394.5
"381","Charles Binamé",1,7.7,7.7,1,0,0,394.5
"382","Chris Paine",1,7.7,7.7,1,1,1,394.5
"383","Chuan Lu",1,7.7,7.7,1,1,1,394.5
"384","Denys Arcand",1,7.7,7.7,1,1,1,394.5
"385","Eric Bress",1,7.7,7.7,1,1,1,394.5
"386","Fernando León de Aranoa",1,7.7,7.7,1,1,1,394.5
"387","François Girard",1,7.7,7.7,1,1,1,394.5
"388","Henry Selick",1,7.7,7.7,1,1,1,394.5
"389","Hong-jin Na",1,7.7,7.7,0,1,0,394.5
"390","James Frawley",1,7.7,7.7,0,1,0,394.5
"391","James L. Brooks",1,7.7,7.7,1,1,1,394.5
"392","Jonathan Levine",1,7.7,7.7,1,1,1,394.5
"393","Jorge Ramírez Suárez",1,7.7,7.7,1,1,1,394.5
"394","Kenneth Lonergan",1,7.7,7.7,1,1,1,394.5
"395","Kevin Reynolds",1,7.7,7.7,1,1,1,394.5
"396","Lisanne Pajot",1,7.7,7.7,1,0,0,394.5
"397","Lloyd Bacon",1,7.7,7.7,1,1,1,394.5
"398","Luc Besson",1,7.7,7.7,1,1,1,394.5
"399","Marc Webb",1,7.7,7.7,1,1,1,394.5
"400","Orson Welles",1,7.7,7.7,1,1,1,394.5
"401","Paolo Sorrentino",1,7.7,7.7,1,1,1,394.5
"402","Philip Saville",1,7.7,7.7,1,1,1,394.5
"403","Richard Lester",1,7.7,7.7,1,1,1,394.5
"404","Robert Greenwald",1,7.7,7.7,1,0,0,394.5
"405","Ron Maxwell",1,7.7,7.7,1,1,1,394.5
"406","Ruben Fleischer",1,7.7,7.7,1,1,1,394.5
"407","Scott Hicks",1,7.7,7.7,1,1,1,394.5
"408","Ted Kotcheff",1,7.7,7.7,1,0,0,394.5
"409","Tomm Moore",1,7.7,7.7,1,1,1,394.5
"410","William Cottrell",1,7.7,7.7,1,1,1,394.5
"411","Wolfgang Becker",1,7.7,7.7,1,1,1,394.5
"412","Alice Wu",1,7.6,7.6,0,1,0,356
"413","Anthony Powell",1,7.6,7.6,1,1,1,356
"414","Barry W. Blaustein",1,7.6,7.6,1,1,1,356
"415","Brian Percival",1,7.6,7.6,1,1,1,356
"416","Chia-Liang Liu",1,7.6,7.6,1,1,1,356
"417","Chris Buck",1,7.6,7.6,1,1,1,356
"418","Chris Wedge",1,7.6,7.6,1,1,1,356
"419","Dennis Gansel",1,7.6,7.6,1,0,0,356
"420","Don Siegel",1,7.6,7.6,1,1,1,356
"421","Dror Moreh",1,7.6,7.6,0,1,0,356
"422","Eli Craig",1,7.6,7.6,0,1,0,356
"423","Eugenio Derbez",1,7.6,7.6,1,1,1,356
"424","Gareth Evans",1,7.6,7.6,1,1,1,356
"425","Greg Mottola",1,7.6,7.6,1,1,1,356
"426","Isabel Coixet",1,7.6,7.6,1,1,1,356
"427","Jane Campion",1,7.6,7.6,1,1,1,356
"428","Jerome Robbins",1,7.6,7.6,1,1,1,356
"429","Jessie Nelson",1,7.6,7.6,1,1,1,356
"430","Joe Cross",1,7.6,7.6,1,0,0,356
"431","Jonathan Frakes",1,7.6,7.6,1,1,1,356
"432","Kay Pollak",1,7.6,7.6,1,1,1,356
"433","Kevin Jordan",1,7.6,7.6,1,1,1,356
"434","Kimberly Peirce",1,7.6,7.6,1,1,1,356
"435","Luc Jacquet",1,7.6,7.6,1,1,1,356
"436","Mary Harron",1,7.6,7.6,1,1,1,356
"437","Michael McGowan",1,7.6,7.6,1,1,1,356
"438","Mike Figgis",1,7.6,7.6,1,1,1,356
"439","Neil Burger",1,7.6,7.6,1,1,1,356
"440","Pedro Almodóvar",1,7.6,7.6,0,1,0,356
"441","Peter H. Hunt",1,7.6,7.6,1,0,0,356
"442","Petter Næss",1,7.6,7.6,1,1,1,356
"443","Rupert Wyatt",1,7.6,7.6,1,1,1,356
"444","Ted Demme",1,7.6,7.6,1,1,1,356
"445","Thea Sharrock",1,7.6,7.6,1,1,1,356
"446","Tim McCanlies",1,7.6,7.6,1,1,1,356
"447","Tim Robbins",1,7.6,7.6,1,1,1,356
"448","Tom Ford",1,7.6,7.6,1,1,1,356
"449","Vadim Perelman",1,7.6,7.6,1,1,1,356
"450","Zach Braff",1,7.6,7.6,1,1,1,356
"451","Albert Hughes",1,7.5,7.5,1,1,1,313
"452","Aleksandr Veledinskiy",1,7.5,7.5,1,0,0,313
"453","Andrew Dominik",1,7.5,7.5,1,1,1,313
"454","Andrucha Waddington",1,7.5,7.5,1,0,0,313
"455","Ava DuVernay",1,7.5,7.5,1,1,1,313
"456","Carol Reed",1,7.5,7.5,1,1,1,313
"457","Charlie Kaufman",1,7.5,7.5,1,1,1,313
"458","David Gordon Green",1,7.5,7.5,1,1,1,313
"459","Davis Guggenheim",1,7.5,7.5,0,1,0,313
"460","Dexter Fletcher",1,7.5,7.5,1,1,1,313
"461","Don Kempf",1,7.5,7.5,0,1,0,313
"462","Doug Atchison",1,7.5,7.5,0,1,0,313
"463","Errol Morris",1,7.5,7.5,0,1,0,313
"464","Gilles Paquet-Brenner",1,7.5,7.5,1,1,1,313
"465","Greg Tiernan",1,7.5,7.5,1,0,0,313
"466","Irwin Winkler",1,7.5,7.5,1,1,1,313
"467","Jafar Panahi",1,7.5,7.5,1,1,1,313
"468","Jim Jarmusch",1,7.5,7.5,0,1,0,313
"469","John Crowley",1,7.5,7.5,1,1,1,313
"470","John Curran",1,7.5,7.5,1,1,1,313
"471","John Patrick Shanley",1,7.5,7.5,1,1,1,313
"472","Jonathan Lynn",1,7.5,7.5,1,1,1,313
"473","Joshua Marston",1,7.5,7.5,1,1,1,313
"474","Kar-Wai Wong",1,7.5,7.5,1,1,1,313
"475","Ken Loach",1,7.5,7.5,0,1,0,313
"476","Khyentse Norbu",1,7.5,7.5,1,1,1,313
"477","Kirsten Sheridan",1,7.5,7.5,1,1,1,313
"478","Kriv Stenders",1,7.5,7.5,1,0,0,313
"479","Kurt Wimmer",1,7.5,7.5,1,1,1,313
"480","Laurent Cantet",1,7.5,7.5,0,1,0,313
"481","Leslie Small",1,7.5,7.5,0,1,0,313
"482","Lynne Ramsay",1,7.5,7.5,1,1,1,313
"483","Marilyn Agrelo",1,7.5,7.5,0,1,0,313
"484","Mike Binder",1,7.5,7.5,1,1,1,313
"485","Norman Ferguson",1,7.5,7.5,1,1,1,313
"486","Richard Loncraine",1,7.5,7.5,1,1,1,313
"487","Shari Springer Berman",1,7.5,7.5,0,1,0,313
"488","Shekhar Kapur",1,7.5,7.5,1,1,1,313
"489","Shimit Amin",1,7.5,7.5,0,0,0,313
"490","Steve Box",1,7.5,7.5,1,1,1,313
"491","Tay Garnett",1,7.5,7.5,1,0,0,313
"492","Tommy Lee Jones",1,7.5,7.5,1,1,1,313
"493","Tony Bancroft",1,7.5,7.5,1,1,1,313
"494","Vincent Gallo",1,7.5,7.5,1,1,1,313
"495","Warren Beatty",1,7.5,7.5,1,0,0,313
"496","Whit Stillman",1,7.5,7.5,1,1,1,313
"497","William H. Macy",1,7.5,7.5,1,1,1,313
"498","Adam Shankman",1,7.4,7.4,1,1,1,271
"499","Christopher McQuarrie",1,7.4,7.4,1,1,1,271
"500","Craig Brewer",1,7.4,7.4,1,1,1,271
"501","Craig Gillespie",1,7.4,7.4,1,1,1,271
"502","Dan Curtis",1,7.4,7.4,0,0,0,271
"503","David Dobkin",1,7.4,7.4,1,1,1,271
"504","David Silverman",1,7.4,7.4,1,1,1,271
"505","Duncan Tucker",1,7.4,7.4,1,1,1,271
"506","Eric Lartigau",1,7.4,7.4,1,0,0,271
"507","Feroz Abbas Khan",1,7.4,7.4,0,1,0,271
"508","Frank Oz",1,7.4,7.4,1,1,1,271
"509","George Armitage",1,7.4,7.4,1,1,1,271
"510","Glenn Ficarra",1,7.4,7.4,1,1,1,271
"511","Goran Dukic",1,7.4,7.4,1,1,1,271
"512","Iain Softley",1,7.4,7.4,1,1,1,271
"513","Jirí Menzel",1,7.4,7.4,1,1,1,271
"514","John Boorman",1,7.4,7.4,1,0,0,271
"515","John Dahl",1,7.4,7.4,1,1,1,271
"516","Kiyoshi Kurosawa",1,7.4,7.4,1,1,1,271
"517","Michael Dowse",1,7.4,7.4,0,1,0,271
"518","Michael O. Sajbel",1,7.4,7.4,0,1,0,271
"519","Miranda July",1,7.4,7.4,1,1,1,271
"520","Morgan Neville",1,7.4,7.4,1,1,1,271
"521","Nat Faxon",1,7.4,7.4,1,1,1,271
"522","Patricia Riggen",1,7.4,7.4,0,1,0,271
"523","Patrick Creadon",1,7.4,7.4,0,1,0,271
"524","Pawel Pawlikowski",1,7.4,7.4,0,1,0,271
"525","Peyton Reed",1,7.4,7.4,1,1,1,271
"526","Raymond De Felitta",1,7.4,7.4,1,1,1,271
"527","Rian Johnson",1,7.4,7.4,1,1,1,271
"528","Robert C. Cooper",1,7.4,7.4,0,0,0,271
"529","Scandar Copti",1,7.4,7.4,0,1,0,271
"530","Siddiq Barmak",1,7.4,7.4,1,1,1,271
"531","Theodore Witcher",1,7.4,7.4,1,1,1,271
"532","Todd Haynes",1,7.4,7.4,1,1,1,271
"533","Uli Edel",1,7.4,7.4,1,1,1,271
"534","Wayne Kramer",1,7.4,7.4,1,1,1,271
"535","Andrea Arnold",1,7.3,7.3,0,1,0,212.5
"536","Andrew Leman",1,7.3,7.3,1,0,0,212.5
"537","Barry Sonnenfeld",1,7.3,7.3,1,1,1,212.5
"538","Ben Stiller",1,7.3,7.3,1,1,1,212.5
"539","Benh Zeitlin",1,7.3,7.3,1,1,1,212.5
"540","Bob Giraldi",1,7.3,7.3,0,1,0,212.5
"541","Cédric Klapisch",1,7.3,7.3,1,1,1,212.5
"542","Charles Herman-Wurmfeld",1,7.3,7.3,1,1,1,212.5
"543","Christopher Morris",1,7.3,7.3,0,1,0,212.5
"544","Costa-Gavras",1,7.3,7.3,1,1,1,212.5
"545","Dan Harris",1,7.3,7.3,1,1,1,212.5
"546","Dan O'Bannon",1,7.3,7.3,1,0,0,212.5
"547","Dan Scanlon",1,7.3,7.3,1,1,1,212.5
"548","Dan Trachtenberg",1,7.3,7.3,1,1,1,212.5
"549","David Mamet",1,7.3,7.3,1,1,1,212.5
"550","David Oelhoffen",1,7.3,7.3,1,0,0,212.5
"551","Dean Parisot",1,7.3,7.3,1,1,1,212.5
"552","Duke Johnson",1,7.3,7.3,1,1,1,212.5
"553","Eytan Fox",1,7.3,7.3,1,1,1,212.5
"554","Fatih Akin",1,7.3,7.3,1,1,1,212.5
"555","Ferzan Ozpetek",1,7.3,7.3,0,0,0,212.5
"556","Gary Fleder",1,7.3,7.3,1,1,1,212.5
"557","Gavin Hood",1,7.3,7.3,1,1,1,212.5
"558","Gillian Armstrong",1,7.3,7.3,1,1,1,212.5
"559","Gregory Hoblit",1,7.3,7.3,1,1,1,212.5
"560","Hans Petter Moland",1,7.3,7.3,1,1,1,212.5
"561","Jacob Aaron Estes",1,7.3,7.3,1,1,1,212.5
"562","Jeannot Szwarc",1,7.3,7.3,1,0,0,212.5
"563","Jee-woon Kim",1,7.3,7.3,1,1,1,212.5
"564","Jennifer Yuh Nelson",1,7.3,7.3,1,1,1,212.5
"565","Jerry Rees",1,7.3,7.3,1,0,0,212.5
"566","John Michael McDonagh",1,7.3,7.3,1,1,1,212.5
"567","John Wells",1,7.3,7.3,1,1,1,212.5
"568","Johnnie To",1,7.3,7.3,1,1,1,212.5
"569","Jonathan Glazer",1,7.3,7.3,0,1,0,212.5
"570","Jorge R. Gutiérrez",1,7.3,7.3,1,1,1,212.5
"571","Kasi Lemmons",1,7.3,7.3,1,1,1,212.5
"572","Kenny Ortega",1,7.3,7.3,1,1,1,212.5
"573","Kirk De Micco",1,7.3,7.3,1,1,1,212.5
"574","Leonard Nimoy",1,7.3,7.3,1,1,1,212.5
"575","Lone Scherfig",1,7.3,7.3,1,1,1,212.5
"576","Louis Leterrier",1,7.3,7.3,1,1,1,212.5
"577","Maggie Greenwald",1,7.3,7.3,1,1,1,212.5
"578","Maïwenn",1,7.3,7.3,0,1,0,212.5
"579","Mark Dindal",1,7.3,7.3,1,1,1,212.5
"580","Max Färberböck",1,7.3,7.3,1,1,1,212.5
"581","Michael Polish",1,7.3,7.3,1,1,1,212.5
"582","Michael Ritchie",1,7.3,7.3,0,0,0,212.5
"583","Mike Cahill",1,7.3,7.3,0,1,0,212.5
"584","Morgan Spurlock",1,7.3,7.3,1,1,1,212.5
"585","Neil LaBute",1,7.3,7.3,1,1,1,212.5
"586","Nicholas Fackler",1,7.3,7.3,1,1,1,212.5
"587","Ole Christian Madsen",1,7.3,7.3,1,1,1,212.5
"588","Olivier Assayas",1,7.3,7.3,1,1,1,212.5
"589","Patrice Leconte",1,7.3,7.3,1,1,1,212.5
"590","Patty Jenkins",1,7.3,7.3,1,1,1,212.5
"591","Paul Crowder",1,7.3,7.3,1,1,1,212.5
"592","Peter Chelsom",1,7.3,7.3,0,1,0,212.5
"593","Peter Farrelly",1,7.3,7.3,1,1,1,212.5
"594","Peter Ramsey",1,7.3,7.3,1,1,1,212.5
"595","Richard Ayoade",1,7.3,7.3,0,1,0,212.5
"596","Richard J. Lewis",1,7.3,7.3,0,1,0,212.5
"597","Rick Famuyiwa",1,7.3,7.3,1,1,1,212.5
"598","Robert Altman",1,7.3,7.3,1,1,1,212.5
"599","Robert Sarkies",1,7.3,7.3,0,1,0,212.5
"600","Scott Cooper",1,7.3,7.3,1,1,1,212.5
"601","Sergey Bodrov",1,7.3,7.3,1,1,1,212.5
"602","Sergey Bondarchuk",1,7.3,7.3,1,0,0,212.5
"603","Simon Curtis",1,7.3,7.3,1,1,1,212.5
"604","Stephen Herek",1,7.3,7.3,1,1,1,212.5
"605","Stephen J. Anderson",1,7.3,7.3,1,1,1,212.5
"606","Stephen Kijak",1,7.3,7.3,1,0,0,212.5
"607","Theodore Melfi",1,7.3,7.3,1,1,1,212.5
"608","Tom McGrath",1,7.3,7.3,1,1,1,212.5
"609","Tony Gilroy",1,7.3,7.3,1,1,1,212.5
"610","Victor Salva",1,7.3,7.3,1,1,1,212.5
"611","Vincenzo Natali",1,7.3,7.3,1,1,1,212.5
"612","Vipul Amrutlal Shah",1,7.3,7.3,0,1,0,212.5
"613","Werner Herzog",1,7.3,7.3,1,1,1,212.5
"614","Yorgos Lanthimos",1,7.3,7.3,0,1,0,212.5
"615","Adam Brooks",1,7.2,7.2,0,1,0,130
"616","Aki Kaurismäki",1,7.2,7.2,1,1,1,130
"617","Alan Alda",1,7.2,7.2,0,0,0,130
"618","Alessandro Carloni",1,7.2,7.2,1,1,1,130
"619","Allan Dwan",1,7.2,7.2,1,0,0,130
"620","Allen Coulter",1,7.2,7.2,1,1,1,130
"621","Amy Heckerling",1,7.2,7.2,1,0,0,130
"622","Angelina Jolie Pitt",1,7.2,7.2,1,1,1,130
"623","Anna Boden",1,7.2,7.2,1,1,1,130
"624","Ben Lewin",1,7.2,7.2,1,1,1,130
"625","Billy Ray",1,7.2,7.2,1,1,1,130
"626","Brett Ratner",1,7.2,7.2,1,1,1,130
"627","Brian Gibson",1,7.2,7.2,0,1,0,130
"628","C. Jay Cox",1,7.2,7.2,1,1,1,130
"629","Carlos Saura",1,7.2,7.2,1,1,1,130
"630","Chris Eyre",1,7.2,7.2,1,1,1,130
"631","Courtney Hunt",1,7.2,7.2,1,1,1,130
"632","D.J. Caruso",1,7.2,7.2,1,1,1,130
"633","Daniel Barber",1,7.2,7.2,1,1,1,130
"634","David S. Ward",1,7.2,7.2,1,1,1,130
"635","Debra Granik",1,7.2,7.2,1,1,1,130
"636","Don Coscarelli",1,7.2,7.2,1,0,0,130
"637","Edward Hall",1,7.2,7.2,0,0,0,130
"638","François Truffaut",1,7.2,7.2,1,1,1,130
"639","Gabor Csupo",1,7.2,7.2,1,1,1,130
"640","Gil Junger",1,7.2,7.2,1,1,1,130
"641","Greg Marcks",1,7.2,7.2,1,0,0,130
"642","Henry Bean",1,7.2,7.2,1,1,1,130
"643","Hugh Hudson",1,7.2,7.2,1,1,1,130
"644","James Gartner",1,7.2,7.2,0,1,0,130
"645","Jan de Bont",1,7.2,7.2,1,1,1,130
"646","Jason Moore",1,7.2,7.2,1,1,1,130
"647","Joe Carnahan",1,7.2,7.2,1,1,1,130
"648","Joe Dante",1,7.2,7.2,1,1,1,130
"649","Jonathan Caouette",1,7.2,7.2,1,1,1,130
"650","Lawrence Kasdan",1,7.2,7.2,1,1,1,130
"651","Lee Toland Krieger",1,7.2,7.2,1,1,1,130
"652","Len Wiseman",1,7.2,7.2,1,1,1,130
"653","Marc Levin",1,7.2,7.2,1,1,1,130
"654","Mark Andrews",1,7.2,7.2,1,1,1,130
"655","Mark Pellington",1,7.2,7.2,1,1,1,130
"656","Mark Romanek",1,7.2,7.2,1,1,1,130
"657","Max Mayer",1,7.2,7.2,0,1,0,130
"658","Melville Shavelson",1,7.2,7.2,1,0,0,130
"659","Mervyn LeRoy",1,7.2,7.2,1,0,0,130
"660","Michael Burke",1,7.2,7.2,1,0,0,130
"661","Michael Cuesta",1,7.2,7.2,1,1,1,130
"662","Michael Landon Jr.",1,7.2,7.2,1,1,1,130
"663","Michel Leclerc",1,7.2,7.2,1,1,1,130
"664","Mike Mills",1,7.2,7.2,1,1,1,130
"665","Mimi Leder",1,7.2,7.2,1,1,1,130
"666","Nacho Vigalondo",1,7.2,7.2,1,1,1,130
"667","Nadia Tass",1,7.2,7.2,1,0,0,130
"668","Nadine Labaki",1,7.2,7.2,1,1,1,130
"669","Nancy Meyers",1,7.2,7.2,1,1,1,130
"670","Neil Marshall",1,7.2,7.2,1,1,1,130
"671","Nicholas Stoller",1,7.2,7.2,1,1,1,130
"672","Nigel Cole",1,7.2,7.2,1,1,1,130
"673","Nimród Antal",1,7.2,7.2,0,1,0,130
"674","Ol Parker",1,7.2,7.2,0,0,0,130
"675","Oren Moverman",1,7.2,7.2,1,1,1,130
"676","Paul King",1,7.2,7.2,1,1,1,130
"677","Peter Cattaneo",1,7.2,7.2,1,1,1,130
"678","Peter Kosminsky",1,7.2,7.2,1,1,1,130
"679","Peter Sollett",1,7.2,7.2,1,1,1,130
"680","R. Balki",1,7.2,7.2,1,1,1,130
"681","Randal Kleiser",1,7.2,7.2,1,1,1,130
"682","Richard Williams",1,7.2,7.2,1,1,1,130
"683","Robert Duvall",1,7.2,7.2,1,1,1,130
"684","Robert Towne",1,7.2,7.2,1,1,1,130
"685","Rodrigo García",1,7.2,7.2,1,1,1,130
"686","Russell Mulcahy",1,7.2,7.2,1,1,1,130
"687","Ryan Fleck",1,7.2,7.2,1,1,1,130
"688","Sam Taylor-Johnson",1,7.2,7.2,0,1,0,130
"689","Steve Buscemi",1,7.2,7.2,1,1,1,130
"690","Steve Martino",1,7.2,7.2,1,1,1,130
"691","Susanne Bier",1,7.2,7.2,1,1,1,130
"692","Sylvester Stallone",1,7.2,7.2,1,1,1,130
"693","Takeshi Kitano",1,7.2,7.2,1,1,1,130
"694","Tamara Jenkins",1,7.2,7.2,0,1,0,130
"695","Thomas Carter",1,7.2,7.2,1,1,1,130
"696","Vic Sarin",1,7.2,7.2,1,0,0,130
"697","Wilson Yip",1,7.2,7.2,1,1,1,130
"698","Woo-Suk Kang",1,7.2,7.2,1,0,0,130
"699","Xavier Beauvois",1,7.2,7.2,1,1,1,130
"700","Aaron Schneider",1,7.1,7.1,1,1,1,44
"701","Adrienne Shelly",1,7.1,7.1,1,1,1,44
"702","Alan Taylor",1,7.1,7.1,1,1,1,44
"703","Antonia Bird",1,7.1,7.1,1,1,1,44
"704","Baltasar Kormákur",1,7.1,7.1,1,1,1,44
"705","Bille August",1,7.1,7.1,1,0,0,44
"706","Blake Edwards",1,7.1,7.1,1,0,0,44
"707","Bobby Farrelly",1,7.1,7.1,1,1,1,44
"708","Brian Baugh",1,7.1,7.1,1,1,1,44
"709","Brian Klugman",1,7.1,7.1,1,1,1,44
"710","Catherine Hardwicke",1,7.1,7.1,1,1,1,44
"711","Dan Fogelman",1,7.1,7.1,1,1,1,44
"712","Danny Leiner",1,7.1,7.1,1,1,1,44
"713","Dany Boon",1,7.1,7.1,1,0,0,44
"714","David Frankel",1,7.1,7.1,1,1,1,44
"715","David LaChapelle",1,7.1,7.1,0,1,0,44
"716","David Slade",1,7.1,7.1,1,1,1,44
"717","David Twohy",1,7.1,7.1,1,1,1,44
"718","François Ozon",1,7.1,7.1,1,1,1,44
"719","Genndy Tartakovsky",1,7.1,7.1,1,1,1,44
"720","George Nolfi",1,7.1,7.1,1,1,1,44
"721","Guillaume Canet",1,7.1,7.1,1,1,1,44
"722","Hans Canosa",1,7.1,7.1,1,1,1,44
"723","Henry Hathaway",1,7.1,7.1,1,0,0,44
"724","Henry Joost",1,7.1,7.1,1,1,1,44
"725","István Szabó",1,7.1,7.1,1,1,1,44
"726","J.C. Chandor",1,7.1,7.1,1,1,1,44
"727","Jack Conway",1,7.1,7.1,1,0,0,44
"728","Jake Schreier",1,7.1,7.1,1,1,1,44
"729","James Bobin",1,7.1,7.1,1,1,1,44
"730","James Gray",1,7.1,7.1,1,1,1,44
"731","James Ponsoldt",1,7.1,7.1,1,1,1,44
"732","Jay Chandrasekhar",1,7.1,7.1,1,1,1,44
"733","Jean-Paul Rappeneau",1,7.1,7.1,0,1,0,44
"734","Jeremy Sims",1,7.1,7.1,1,0,0,44
"735","Jill Sprecher",1,7.1,7.1,1,1,1,44
"736","Jim Sheridan",1,7.1,7.1,1,1,1,44
"737","Joel Edgerton",1,7.1,7.1,1,1,1,44
"738","John Badham",1,7.1,7.1,1,1,1,44
"739","John Hamburg",1,7.1,7.1,1,1,1,44
"740","John Maybury",1,7.1,7.1,1,1,1,44
"741","Jonathan Teplitzky",1,7.1,7.1,1,1,1,44
"742","Josh Trank",1,7.1,7.1,1,1,1,44
"743","Judd Apatow",1,7.1,7.1,1,1,1,44
"744","Justin Chadwick",1,7.1,7.1,1,1,1,44
"745","Justin Kerrigan",1,7.1,7.1,1,1,1,44
"746","Kelly Reichardt",1,7.1,7.1,1,1,1,44
"747","Kevin Lima",1,7.1,7.1,1,1,1,44
"748","Lajos Koltai",1,7.1,7.1,0,1,0,44
"749","Lee Tamahori",1,7.1,7.1,1,1,1,44
"750","Leos Carax",1,7.1,7.1,0,0,0,44
"751","Lewis Gilbert",1,7.1,7.1,1,1,1,44
"752","Lisa Cholodenko",1,7.1,7.1,1,1,1,44
"753","Martin Koolhoven",1,7.1,7.1,1,1,1,44
"754","McG",1,7.1,7.1,1,1,1,44
"755","Michael Radford",1,7.1,7.1,1,1,1,44
"756","Nae Caranfil",1,7.1,7.1,1,0,0,44
"757","Nicole Holofcener",1,7.1,7.1,1,1,1,44
"758","Pete Travis",1,7.1,7.1,1,1,1,44
"759","Peter Care",1,7.1,7.1,1,1,1,44
"760","Peter Hedges",1,7.1,7.1,1,1,1,44
"761","Peter Ho-Sun Chan",1,7.1,7.1,1,1,1,44
"762","Peter Landesman",1,7.1,7.1,1,1,1,44
"763","Prachya Pinkaew",1,7.1,7.1,1,1,1,44
"764","Ralph Nelson",1,7.1,7.1,0,0,0,44
"765","Reed Cowan",1,7.1,7.1,1,1,1,44
"766","Renny Harlin",1,7.1,7.1,1,1,1,44
"767","Roger Spottiswoode",1,7.1,7.1,1,1,1,44
"768","Roland Emmerich",1,7.1,7.1,1,1,1,44
"769","Ron Underwood",1,7.1,7.1,1,1,1,44
"770","Russell Crowe",1,7.1,7.1,1,1,1,44
"771","Sarah Smith",1,7.1,7.1,1,1,1,44
"772","Sean McNamara",1,7.1,7.1,1,1,1,44
"773","Shane Acker",1,7.1,7.1,1,1,1,44
"774","Shawn Levy",1,7.1,7.1,1,1,1,44
"775","Spencer Susser",1,7.1,7.1,1,1,1,44
"776","Stephen Hopkins",1,7.1,7.1,0,1,0,44
"777","Stephen Norrington",1,7.1,7.1,1,1,1,44
"778","Steven Shainberg",1,7.1,7.1,1,1,1,44
"779","Terence Davies",1,7.1,7.1,1,1,1,44
"780","Tim Hunter",1,7.1,7.1,1,1,1,44
"781","Tomas Alfredson",1,7.1,7.1,1,1,1,44
"782","Tung-Shing Yee",1,7.1,7.1,1,0,0,44
"783","Vincente Minnelli",1,7.1,7.1,1,1,1,44
"784","Walter Hill",1,7.1,7.1,1,0,0,44
"785","Walter Lang",1,7.1,7.1,0,0,0,44
"786","Will Gluck",1,7.1,7.1,1,1,1,44
